"CONTACT_ID","DIFF","UTC_HOUR"
"508740956445","373","13"
"508740957673","259","13"
"508740957729","161","13"
"508740958548","141","13"
"508740958395","172","13"
"508740961143","142","13"
"508740961087","211","13"
"508740961143","215","13"
"508740961087","212","13"
"508740962860","223","13"
"508740962664","229","13"
"508740963042","341","13"
"508740962664","225","13"
"508740963909","198","13"
"508740965703","212","13"
"508740975353","255","13"
"508740976084","213","13"
"508740976084","152","13"
"508740976084","182","13"
"508740978155","226","13"
"508740979986","346","13"
"508740981453","220","13"
"508740981736","151","13"
"508740983069","295","13"
"508740983467","240","13"
"508740984202","315","13"
"508740985727","202","13"
"508740986901","228","13"
"508740986566","168","13"
"508740989010","128","13"
"508740989849","188","13"
"508740989925","210","13"
"508740992831","224","13"
"508740993096","177","13"
"508740993531","355","13"
"508740995560","242","13"
"508740997323","334","13"
"508740997826","138","13"
"508740998620","157","13"
"508740999223","226","13"
"508741000804","367","13"
"508741001904","188","13"
"508741003013","215","13"
"508741002527","212","13"
"508741003013","132","13"
"508741005129","193","13"
"508741006333","225","13"
"508741007766","233","13"
"508741008282","184","13"
"508741009434","153","13"
"508741009000","299","13"
"508741011348","150","13"
"508741015074","340","14"
"508741015375","207","14"
"508741016074","135","14"
"508741016943","217","14"
"508741016336","156","14"
"508741019421","205","14"
"508741021869","224","14"
"508741021400","221","14"
"508741022864","235","14"
"508741023395","224","14"
"508741024326","183","14"
"508741024718","215","14"
"508741025268","148","14"
"508741025253","198","14"
"508741025572","218","14"
"508741025268","168","14"
"508741026720","216","14"
"508741026720","118","14"
"508741028062","175","14"
"508741029029","269","14"
"508741031546","441","14"
"508741031546","127","14"
"508741032531","218","14"
"508741031546","132","14"
"508741033639","210","14"
"508741033673","168","14"
"508741033639","215","14"
"508741033639","225","14"
"508741034046","124","14"
"508741035516","351","14"
"508741034046","209","14"
"508741037125","218","14"
"508741039094","225","14"
"508741039666","224","14"
"508741041274","227","14"
"508741041869","132","14"
"508741044002","216","14"
"508741044094","177","14"
"508741044524","195","14"
"508741044524","214","14"
"508741046019","358","14"
"508741044094","193","14"
"508741046019","214","14"
"508741048484","205","14"
"508741048487","221","14"
"508741048484","135","14"
"508741050016","250","14"
"508741054505","214","14"
"508741054268","130","14"
"508741054505","189","14"
"508741054505","171","14"
"508741056677","316","14"
"508741056811","341","14"
"508741058849","171","14"
"508741059543","140","14"
"508741061572","171","14"
"508741063930","217","14"
"508741065738","351","14"
"508741066705","230","14"
"508741066472","221","14"
"508741067339","218","14"
"508741067554","183","14"
"508741066705","121","14"
"508741068994","180","14"
"508741067554","215","14"
"508741069434","418","14"
"508741069553","164","14"
"508741069553","214","14"
"508741070727","219","14"
"508741071064","326","14"
"508741071607","172","14"
"508741072840","169","14"
"508741072102","180","14"
"508741071607","149","14"
"508741073350","218","14"
"508741072102","215","14"
"508741075756","157","14"
"508741076507","228","14"
"508741078172","162","14"
"508741079046","175","14"
"508741079960","221","14"
"508741080176","127","14"
"508741080813","220","14"
"508741081522","162","14"
"508741081650","225","14"
"508741082432","235","14"
"508741082840","185","14"
"508741084032","188","14"
"508741084873","219","14"
"508741085381","216","14"
"508741086054","529","14"
"508741086895","201","14"
"508741087796","218","14"
"508741086895","118","14"
"508741088847","174","14"
"508741089178","174","15"
"508741090475","224","15"
"508741092044","133","15"
"508741092197","260","15"
"508741091414","184","15"
"508741091414","143","15"
"508741095564","171","15"
"508741096595","224","15"
"508741096922","162","15"
"508741097246","184","15"
"508741098345","139","15"
"508741097635","181","15"
"508741098470","211","15"
"508741097246","195","15"
"508741097635","215","15"
"508741098470","125","15"
"508741097635","135","15"
"508741099995","174","15"
"508741100717","183","15"
"508741099995","224","15"
"508741102508","206","15"
"508741101958","217","15"
"508741102583","261","15"
"508741101958","194","15"
"508741103905","145","15"
"508741104119","223","15"
"508741104632","200","15"
"508741104632","198","15"
"508741106212","366","15"
"508741107264","230","15"
"508741107210","333","15"
"508741107670","147","15"
"508741107917","238","15"
"508741107224","137","15"
"508741108990","166","15"
"508741107670","217","15"
"508741108990","138","15"
"508741111285","223","15"
"508741111430","166","15"
"508741113569","222","15"
"508741115038","224","15"
"508741115451","214","15"
"508741115847","177","15"
"508741115454","217","15"
"508741115214","165","15"
"508741116470","216","15"
"508741117221","228","15"
"508741116642","166","15"
"508741119268","180","15"
"508741116642","199","15"
"508741119631","226","15"
"508741121730","169","15"
"508741121463","229","15"
"508741122348","132","15"
"508741122494","215","15"
"508741122348","172","15"
"508741122494","221","15"
"508741125025","183","15"
"508741125598","150","15"
"508741126695","225","15"
"508741125598","156","15"
"508741128513","191","15"
"508741128513","211","15"
"508741130046","124","15"
"508741129879","143","15"
"508741131228","178","15"
"508741133450","204","15"
"508741133083","221","15"
"508741133442","185","15"
"508741133838","144","15"
"508741133845","131","15"
"508741135355","215","15"
"508741133838","206","15"
"508741137016","242","15"
"508741140036","224","15"
"508741140422","157","15"
"508741142000","153","15"
"508741141833","165","15"
"508741141906","279","15"
"508741141906","214","15"
"508741143727","153","15"
"508741144026","218","15"
"508741143981","219","15"
"508741144040","168","15"
"508741145611","220","15"
"508741147200","152","15"
"508741147986","121","15"
"508741147883","205","15"
"508741147883","119","15"
"508741149735","199","15"
"508741149876","223","15"
"508741151555","321","15"
"508741151169","326","15"
"508741151051","219","15"
"508741151094","216","15"
"508741154327","227","15"
"508741155280","171","15"
"508741155488","176","15"
"508741156795","206","15"
"508741156846","159","15"
"508741156341","226","15"
"508741156341","123","15"
"508741157404","220","15"
"508741159158","181","15"
"508741159339","182","15"
"508741162746","234","15"
"508741161920","403","15"
"508741161700","201","15"
"508741162240","175","15"
"508741162624","193","15"
"508741162746","214","15"
"508741164005","238","15"
"508741164237","205","15"
"508741165852","216","15"
"508741164325","331","15"
"508741165274","163","15"
"508741167891","222","15"
"508741166947","168","15"
"508741167661","173","15"
"508741169533","135","15"
"508741170196","197","15"
"508741170879","167","15"
"508741171400","374","15"
"508741169533","174","15"
"508741171735","224","15"
"508741170475","222","15"
"508741172261","169","15"
"508741172229","155","15"
"508741175648","184","15"
"508741175886","176","15"
"508741176599","373","15"
"508741176263","203","15"
"508741176263","150","15"
"508741177942","164","15"
"508741178419","341","15"
"508741176263","173","15"
"508741177942","134","15"
"508741180909","127","15"
"508741180407","149","15"
"508741181026","174","15"
"508741180999","213","15"
"508741181112","223","15"
"508741182351","155","16"
"508741180999","165","16"
"508741181640","200","16"
"508741183105","195","16"
"508741182835","214","16"
"508741184826","223","16"
"508741185493","203","16"
"508741185181","201","16"
"508741185980","222","16"
"508741186170","222","16"
"508741186050","208","16"
"508741187856","178","16"
"508741187981","165","16"
"508741189794","262","16"
"508741190468","258","16"
"508741189990","166","16"
"508741190350","147","16"
"508741191185","201","16"
"508741192192","165","16"
"508741192232","218","16"
"508741190877","162","16"
"508741193644","165","16"
"508741192232","216","16"
"508741194730","219","16"
"508741194842","181","16"
"508741192232","128","16"
"508741196117","132","16"
"508741196002","146","16"
"508741192232","162","16"
"508741199272","176","16"
"508741199831","212","16"
"508741200114","211","16"
"508741201145","213","16"
"508741206060","187","16"
"508741207209","138","16"
"508741207074","129","16"
"508741208415","177","16"
"508741207074","167","16"
"508741208415","152","16"
"508741207768","161","16"
"508741207074","214","16"
"508741209810","172","16"
"508741212370","133","16"
"508741212935","170","16"
"508741213138","226","16"
"508741214583","218","16"
"508741214419","184","16"
"508741214583","214","16"
"508741216002","171","16"
"508741215927","348","16"
"508741216315","137","16"
"508741216389","220","16"
"508741216634","172","16"
"508741217371","220","16"
"508741217852","181","16"
"508741217890","105","16"
"508741216389","119","16"
"508741217932","172","16"
"508741217371","186","16"
"508741217890","182","16"
"508741217932","213","16"
"508741217371","221","16"
"508741217932","141","16"
"508741220577","211","16"
"508741221249","140","16"
"508741222382","160","16"
"508741223193","233","16"
"508741224221","152","16"
"508741223193","189","16"
"508741224516","225","16"
"508741225750","156","16"
"508741223193","220","16"
"508741226280","227","16"
"508741228059","157","16"
"508741227585","220","16"
"508741228501","120","16"
"508741229081","144","16"
"508741227585","129","16"
"508741233053","163","16"
"508741234358","228","16"
"508741236780","150","16"
"508741240091","279","16"
"508741241141","161","16"
"508741242302","204","16"
"508741241902","243","16"
"508741242373","204","16"
"508741242220","201","16"
"508741242373","167","16"
"508741244924","140","16"
"508741244755","235","16"
"508741245344","220","16"
"508741245739","223","16"
"508741246173","165","16"
"508741244924","201","16"
"508741244755","251","16"
"508741247237","184","16"
"508741244924","169","16"
"508741246718","223","16"
"508741246718","217","16"
"508741249375","238","16"
"508741249902","166","16"
"508741252074","199","16"
"508741252773","154","16"
"508741252820","165","16"
"508741254538","413","16"
"508741252074","142","16"
"508741252773","175","16"
"508741252820","172","16"
"508741253851","221","16"
"508741254603","227","16"
"508741252074","162","16"
"508741254510","217","16"
"508741256824","219","16"
"508741257092","342","16"
"508741257855","221","16"
"508741259734","114","16"
"508741260381","212","16"
"508741259734","144","16"
"508741260381","135","16"
"508741261116","130","16"
"508741262875","213","16"
"508741262560","186","16"
"508741263219","199","16"
"508741265440","224","16"
"508741266731","226","16"
"508741267749","320","16"
"508741268313","235","16"
"508741269006","220","16"
"508741269476","160","16"
"508741270204","184","16"
"508741268313","146","16"
"508741270669","155","16"
"508741270495","228","16"
"508741268313","215","16"
"508741271192","208","16"
"508741270669","133","16"
"508741272300","118","16"
"508741272300","203","16"
"508741276737","149","17"
"508741276426","227","17"
"508741277497","232","17"
"508741278327","245","17"
"508741278739","231","17"
"508741279510","188","17"
"508741281523","268","17"
"508741282618","139","17"
"508741284074","174","17"
"508741284978","220","17"
"508741284357","180","17"
"508741284855","227","17"
"508741284357","221","17"
"508741286686","141","17"
"508741285636","187","17"
"508741284357","132","17"
"508741286686","219","17"
"508741289182","216","17"
"508741289025","182","17"
"508741289025","189","17"
"508741289016","219","17"
"508741289866","141","17"
"508741289450","198","17"
"508741289217","232","17"
"508741289094","179","17"
"508741290266","184","17"
"508741290702","258","17"
"508741291936","157","17"
"508741292261","166","17"
"508741292878","199","17"
"508741293193","221","17"
"508741293213","132","17"
"508741292878","214","17"
"508741293193","204","17"
"508741295438","128","17"
"508741297450","197","17"
"508741297482","244","17"
"508741298438","216","17"
"508741298505","239","17"
"508741298950","229","17"
"508741299035","223","17"
"508741298408","233","17"
"508741299313","125","17"
"508741299343","147","17"
"508741298505","218","17"
"508741299938","185","17"
"508741301283","166","17"
"508741302021","252","17"
"508741301903","176","17"
"508741303466","142","17"
"508741303378","206","17"
"508741305323","148","17"
"508741307999","173","17"
"508741308081","168","17"
"508741307999","239","17"
"508741308081","214","17"
"508741308436","228","17"
"508741309733","248","17"
"508741310079","182","17"
"508741310068","433","17"
"508741310429","175","17"
"508741311937","127","17"
"508741312586","220","17"
"508741312174","225","17"
"508741313069","193","17"
"508741312388","374","17"
"508741314370","157","17"
"508741315345","187","17"
"508741314672","215","17"
"508741316015","370","17"
"508741317302","300","17"
"508741317302","188","17"
"508741318195","172","17"
"508741318732","309","17"
"508741322132","221","17"
"508741322139","198","17"
"508741322335","253","17"
"508741321337","179","17"
"508741322468","170","17"
"508741321337","249","17"
"508741324646","1893","17"
"508741324709","197","17"
"508741326372","149","17"
"508741326095","335","17"
"508741326326","229","17"
"508741326759","212","17"
"508741327244","194","17"
"508741327244","183","17"
"508741327449","171","17"
"508741329514","235","17"
"508741332198","179","17"
"508741332613","214","17"
"508741333739","132","17"
"508741332613","171","17"
"508741333739","211","17"
"508741332613","166","17"
"508741334967","248","17"
"508741336303","276","17"
"508741337671","379","17"
"508741338139","121","17"
"508741338934","220","17"
"508741340114","1054","17"
"508741340780","316","17"
"508741340257","177","17"
"508741340780","219","17"
"508741342300","149","17"
"508741342869","210","17"
"508741342566","242","17"
"508741343345","154","17"
"508741342300","171","17"
"508741343700","151","17"
"508741344018","201","17"
"508741343700","213","17"
"508741345214","152","17"
"508741345214","176","17"
"508741348303","187","17"
"508741349361","333","17"
"508741349361","177","17"
"508741349823","1963","17"
"508741353431","181","17"
"508741353876","221","17"
"508741355100","219","17"
"508741356308","183","17"
"508741358041","1148","17"
"508741358187","271","17"
"508741360137","183","17"
"508741361418","225","17"
"508741362989","132","17"
"508741362845","183","17"
"508741362845","206","17"
"508741364957","224","18"
"508741365268","215","18"
"508741366740","248","18"
"508741367084","138","18"
"508741368262","229","18"
"508741368304","129","18"
"508741367973","219","18"
"508741371122","221","18"
"508741371122","220","18"
"508741372157","156","18"
"508741374192","173","18"
"508741375113","123","18"
"508741374814","243","18"
"508741374814","155","18"
"508741374994","220","18"
"508741375113","149","18"
"508741376923","195","18"
"508741376357","189","18"
"508741377540","219","18"
"508741377540","213","18"
"508741378906","224","18"
"508741379947","240","18"
"508741379947","117","18"
"508741379947","211","18"
"508741379947","194","18"
"508741379947","215","18"
"508741379947","210","18"
"508741379947","242","18"
"508741379947","141","18"
"508741379947","241","18"
"508741379374","218","18"
"508741379883","127","18"
"508741379947","141","18"
"508741381336","187","18"
"508741379947","223","18"
"508741381336","223","18"
"508741381726","224","18"
"508741381336","195","18"
"508741381336","237","18"
"508741383570","143","18"
"508741383237","122","18"
"508741384344","163","18"
"508741383411","142","18"
"508741383570","174","18"
"508741385927","170","18"
"508741386306","160","18"
"508741386468","131","18"
"508741386468","166","18"
"508741386932","346","18"
"508741387464","232","18"
"508741386932","168","18"
"508741390120","206","18"
"508741391132","255","18"
"508741392601","300","18"
"508741393334","129","18"
"508741393270","259","18"
"508741394290","206","18"
"508741395829","196","18"
"508741396999","213","18"
"508741395829","216","18"
"508741398892","395","18"
"508741398812","219","18"
"508741399418","196","18"
"508741399791","147","18"
"508741398812","216","18"
"508741399418","148","18"
"508741400795","147","18"
"508741400609","221","18"
"508741399418","148","18"
"508741402457","268","18"
"508741404562","169","18"
"508741403577","216","18"
"508741403417","218","18"
"508741404243","240","18"
"508741405189","165","18"
"508741405342","149","18"
"508741405989","342","18"
"508741403417","192","18"
"508741405342","115","18"
"508741406620","224","18"
"508741406388","140","18"
"508741406471","224","18"
"508741403417","147","18"
"508741408580","233","18"
"508741409430","273","18"
"508741410307","213","18"
"508741410156","216","18"
"508741410586","170","18"
"508741412227","227","18"
"508741411180","198","18"
"508741413225","179","18"
"508741414074","191","18"
"508741414832","198","18"
"508741415474","207","18"
"508741416394","181","18"
"508741414832","145","18"
"508741417382","338","18"
"508741417382","173","18"
"508741419584","174","18"
"508741420444","191","18"
"508741421711","205","18"
"508741422040","126","18"
"508741422040","173","18"
"508741424228","170","18"
"508741424228","194","18"
"508741426107","156","18"
"508741428514","221","18"
"508741429212","223","18"
"508741429810","156","18"
"508741430721","230","18"
"508741432257","206","18"
"508741433887","127","18"
"508741434642","219","18"
"508741435265","127","18"
"508741435265","153","18"
"508741436906","245","18"
"508741436890","222","18"
"508741436692","598","18"
"508741438027","205","18"
"508741438013","224","18"
"508741438027","208","18"
"508741439220","202","18"
"508741438778","130","18"
"508741440593","172","18"
"508741439935","229","18"
"508741441999","213","18"
"508741444227","221","18"
"508741445081","249","18"
"508741446466","227","18"
"508741452573","331","18"
"508741451914","264","18"
"508741452875","118","18"
"508741453222","225","18"
"508741453222","193","19"
"508741455948","154","19"
"508741457263","208","19"
"508741457896","197","19"
"508741457896","177","19"
"508741457519","145","19"
"508741458739","234","19"
"508741461563","134","19"
"508741460948","15316","19"
"508741460948","8899","19"
"508741461563","204","19"
"508741462291","220","19"
"508741462843","214","19"
"508741463392","197","19"
"508741464066","221","19"
"508741463212","227","19"
"508741462843","118","19"
"508741464328","160","19"
"508741464778","156","19"
"508741467108","218","19"
"508741468441","1307","19"
"508741468441","134","19"
"508741468441","220","19"
"508741468441","135","19"
"508741468441","225","19"
"508741468441","189","19"
"508741468441","232","19"
"508741468441","211","19"
"508741468441","212","19"
"508741468441","137","19"
"508741468441","162","19"
"508741468441","217","19"
"508741468441","172","19"
"508741468441","175","19"
"508741468441","175","19"
"508741468441","120","19"
"508741468441","202","19"
"508741468441","145","19"
"508741468441","205","19"
"508741468441","209","19"
"508741468441","217","19"
"508741468441","224","19"
"508741468441","133","19"
"508741468441","198","19"
"508741468441","135","19"
"508741468441","176","19"
"508741468441","201","19"
"508741468441","182","19"
"508741468441","245","19"
"508741469643","140","19"
"508741470721","97","19"
"508741470788","226","19"
"508741472766","187","19"
"508741473514","190","19"
"508741472766","166","19"
"508741472440","180","19"
"508741474230","211","19"
"508741475402","137","19"
"508741475084","279","19"
"508741473514","47085","19"
"508741473514","32445","19"
"508741475297","23202","19"
"508741475297","8467","19"
"508741475297","219","19"
"508741475297","230","19"
"508741476601","213","19"
"508741475695","191","19"
"508741478983","139","19"
"508741475695","130","19"
"508741479165","136","19"
"508741479367","180","19"
"508741480726","217","19"
"508741481504","636","19"
"508741481096","191","19"
"508741482087","228","19"
"508741481980","207","19"
"508741481096","177","19"
"508741481096","155","19"
"508741483350","38901","19"
"508741483350","24107","19"
"508741483350","211","19"
"508741481980","39621","19"
"508741481980","25544","19"
"508741484861","293","19"
"508741486347","394","19"
"508741487295","192","19"
"508741486795","193","19"
"508741488365","934","19"
"508741489168","172","19"
"508741489168","213","19"
"508741490544","207","19"
"508741493671","143","19"
"508741496851","219","19"
"508741496570","262","19"
"508741497107","227","19"
"508741497082","204","19"
"508741497779","135","19"
"508741498624","244","19"
"508741498592","348","19"
"508741498965","183","19"
"508741499400","264","19"
"508741500640","257","19"
"508741500878","161","19"
"508741501118","161","19"
"508741499981","213","19"
"508741501343","286","19"
"508741499981","215","19"
"508741502683","135","19"
"508741502878","203","19"
"508741501343","163","19"
"508741502878","213","19"
"508741503981","165","19"
"508741504261","212","19"
"508741504560","213","19"
"508741504447","197","19"
"508741503981","217","19"
"508741506536","204","19"
"508741506440","193","19"
"508741507001","214","19"
"508741507277","180","19"
"508741507822","187","19"
"508741507277","168","19"
"508741510578","220","19"
"508741510388","221","19"
"508741510456","146","19"
"508741511025","146","19"
"508741511363","224","19"
"508741510388","158","19"
"508741510456","166","19"
"508741511746","174","19"
"508741512880","176","19"
"508741513735","216","19"
"508741516361","210","19"
"508741513735","174","19"
"508741515722","144","19"
"508741518225","127","19"
"508741516459","219","19"
"508741517124","186","19"
"508741516731","222","19"
"508741516459","204","19"
"508741517588","237","19"
"508741516731","138","19"
"508741520422","141","19"
"508741520141","198","19"
"508741522255","177","19"
"508741520938","171","19"
"508741521475","202","19"
"508741521475","165","19"
"508741524914","210","19"
"508741524433","224","19"
"508741524914","139","19"
"508741524433","155","19"
"508741525043","159","19"
"508741527202","217","19"
"508741527388","210","19"
"508741528514","182","19"
"508741528984","161","19"
"508741529152","155","19"
"508741529152","151","19"
"508741531534","221","19"
"508741530347","216","19"
"508741532162","223","19"
"508741531839","350","19"
"508741532162","181","19"
"508741533173","212","19"
"508741533443","180","19"
"508741533831","145","19"
"508741534098","193","19"
"508741533443","152","19"
"508741534601","218","19"
"508741535227","200","19"
"508741536736","208","19"
"508741536605","288","19"
"508741538451","194","19"
"508741536605","122","19"
"508741539100","213","19"
"508874542799","128","19"
"508874543738","181","19"
"508874543898","185","19"
"508874544234","247","19"
"508874545454","290","20"
"508874546410","138","20"
"508874546731","178","20"
"508874547468","124","20"
"508874547005","166","20"
"508874547361","206","20"
"508874548642","224","20"
"508874549391","187","20"
"508874549968","217","20"
"508874550870","223","20"
"508874550948","178","20"
"508874551879","198","20"
"508874550948","149","20"
"508874552841","219","20"
"508874553402","175","20"
"508874553143","358","20"
"508874553402","196","20"
"508874555449","410","20"
"508874556471","128","20"
"508874555921","221","20"
"508874556599","193","20"
"508874557788","249","20"
"508874557797","127","20"
"508874560074","207","20"
"508874560707","150","20"
"508874560278","115","20"
"508874560741","141","20"
"508874560766","143","20"
"508874560074","182","20"
"508874560664","224","20"
"508874560766","221","20"
"508874562113","158","20"
"508874562386","147","20"
"508874561834","137","20"
"508874562113","187","20"
"508874562386","224","20"
"508874563759","142","20"
"508874563642","212","20"
"508874563667","154","20"
"508874563667","184","20"
"508874564186","222","20"
"508874563642","200","20"
"508874564750","198","20"
"508874566000","237","20"
"508874564750","174","20"
"508874567771","208","20"
"508874568454","155","20"
"508874568818","133","20"
"508874569581","210","20"
"508874570569","222","20"
"508874571245","436","20"
"508874570569","157","20"
"508874571284","206","20"
"508874572015","216","20"
"508874572303","159","20"
"508874572015","164","20"
"508874575270","201","20"
"508874576556","152","20"
"508874578367","296","20"
"508874578207","222","20"
"508874578207","214","20"
"508874580201","248","20"
"508874580863","169","20"
"508874581015","133","20"
"508874582545","176","20"
"508874583571","240","20"
"508874583988","222","20"
"508874585818","157","20"
"508874586727","171","20"
"508874587557","234","20"
"508874586984","203","20"
"508874588849","232","20"
"508874588849","216","20"
"508874588818","202","20"
"508874589581","120","20"
"508874588849","218","20"
"508874589527","168","20"
"508874592105","148","20"
"508874592152","180","20"
"508874593322","384","20"
"508874593699","343","20"
"508874594128","180","20"
"508874594784","135","20"
"508874595613","406","20"
"508874596260","452","20"
"508874596191","205","20"
"508874596248","220","20"
"508874597066","135","20"
"508874599229","368","20"
"508874599224","187","20"
"508874600640","150","20"
"508874599229","225","20"
"508874600640","183","20"
"508874603587","195","20"
"508874602905","225","20"
"508874602905","221","20"
"508874604820","410","20"
"508874605360","188","20"
"508874606417","205","20"
"508874606615","125","20"
"508874607065","219","20"
"508874607356","178","20"
"508874607373","131","20"
"508874607867","223","20"
"508874608212","170","20"
"508874608310","189","20"
"508874609905","189","20"
"508874610924","231","20"
"508874615785","214","20"
"508874616090","137","20"
"508874617110","165","20"
"508874617869","232","20"
"508874618419","134","20"
"508874618485","217","20"
"508874618827","125","20"
"508874619329","173","20"
"508874618419","149","20"
"508874618485","138","20"
"508874620334","147","20"
"508874618485","126","20"
"508874621105","134","20"
"508874618485","212","20"
"508874622324","147","20"
"508874623495","200","20"
"508874624140","223","20"
"508874624795","239","21"
"508874624140","188","21"
"508874625451","220","21"
"508874628238","220","21"
"508874627937","245","21"
"508874627937","214","21"
"508874629163","143","21"
"508874629248","141","21"
"508874629163","213","21"
"508874630316","214","21"
"508874630782","215","21"
"508874631001","171","21"
"508874631148","285","21"
"508874631102","181","21"
"508874631686","209","21"
"508874632362","244","21"
"508874632965","162","21"
"508874633841","223","21"
"508874634664","136","21"
"508874635435","286","21"
"508874635385","280","21"
"508874635385","127","21"
"508874637744","250","21"
"508874638903","225","21"
"508874638641","191","21"
"508874639017","291","21"
"508874638641","145","21"
"508874639934","158","21"
"508874640473","146","21"
"508874640714","228","21"
"508874640387","251","21"
"508874642518","198","21"
"508874642145","169","21"
"508874642873","144","21"
"508874642873","212","21"
"508874644861","157","21"
"508874645010","220","21"
"508874645602","201","21"
"508874645583","137","21"
"508874645076","369","21"
"508874645010","47257","21"
"508874647161","215","21"
"508874646713","216","21"
"508874645010","46101","21"
"508874646884","216","21"
"508874647161","214","21"
"508874648248","358","21"
"508874650114","727","21"
"508874650347","356","21"
"508874650040","216","21"
"508874650527","168","21"
"508874650738","170","21"
"508874652821","390","21"
"508874652581","203","21"
"508874653687","179","21"
"508874653868","179","21"
"508874653868","226","21"
"508874655199","225","21"
"508874655050","181","21"
"508874654852","352","21"
"508874656519","201","21"
"508874656276","201","21"
"508874661950","149","21"
"508874663191","142","21"
"508874663385","346","21"
"508874664188","369","21"
"508874665872","203","21"
"508874668002","254","21"
"508874669228","173","21"
"508874669547","248","21"
"508874668975","224","21"
"508874669569","146","21"
"508874669228","211","21"
"508874670710","144","21"
"508874670493","139","21"
"508874670628","146","21"
"508874671247","211","21"
"508874670628","157","21"
"508874671562","212","21"
"508874672124","225","21"
"508874672269","182","21"
"508874670628","192","21"
"508874672959","214","21"
"508874673518","165","21"
"508874673727","175","21"
"508874673810","216","21"
"508874676918","124","21"
"508874677064","158","21"
"508874676918","121","21"
"508874678051","229","21"
"508874677968","213","21"
"508874679495","154","21"
"508874679099","212","21"
"508874686051","417","21"
"508874687021","151","21"
"508874687021","175","21"
"508874688016","413","21"
"508874688016","45576","22"
"508874690713","231","22"
"508874690941","445","22"
"508874691651","260","22"
"508874693123","418","22"
"508874694429","321","22"
"508874696569","303","22"
"508874696926","204","22"
"508874696969","167","22"
"508874699129","294","22"
"508874699414","312","22"
"508874701109","221","22"
"508874701569","196","22"
"508874702162","225","22"
"508874703446","404","22"
"508874703225","235","22"
"508874704200","227","22"
"508874703225","192","22"
"508874704644","135","22"
"508874704200","183","22"
"508874704934","214","22"
"508874705446","194","22"
"508874705812","214","22"
"508874705958","226","22"
"508874706750","214","22"
"508874708489","147","22"
"508874709276","232","22"
"508874709276","199","22"
"508874710637","216","22"
"508874710952","303","22"
"508874711000","248","22"
"508874711555","215","22"
"508874712612","165","22"
"508874713608","177","22"
"508874716620","181","22"
"508874717236","226","22"
"508874717620","229","22"
"508874718888","227","22"
"508874719307","130","22"
"508874719563","171","22"
"508874720472","221","22"
"508874721122","192","22"
"508874721738","131","22"
"508874722164","209","22"
"508874721988","226","22"
"508874722732","165","22"
"508874722611","157","22"
"508874724829","220","22"
"508874725040","138","22"
"508874726792","270","22"
"508874726870","266","22"
"508874726309","232","22"
"508874727013","224","22"
"508874727227","175","22"
"508874727331","244","22"
"508874728534","213","22"
"508874728232","126","22"
"508874729320","135","22"
"508874734999","187639","22"
"508874736436","187640","22"
"508874736436","218610","22"
"508874738613","187676","23"
"508874738823","186980","23"
"508874739481","187045","23"
"508874739362","187043","23"
"508874739652","187552","23"
"508874740683","186988","23"
"508874737814","403860","23"
"508874738373","373904","23"
"508874741331","187688","23"
"508874741347","187009","23"
"508874752961","253","23"
"508874753987","195","23"
"508874754205","133","23"
"508874757761","186994","23"
"508874757682","187605","23"
"508874764317","187056","23"
"508874764388","187117","23"
"508874764639","187068","23"
"508874765247","187609","23"
"508874765528","187045","23"
"508874766124","187639","23"
"508874766889","187165","23"
"508874767690","187494","23"
"508874768115","187090","23"
"508874773586","76215","23"
"508874775559","367","23"
"508874775272","204","23"
"508874776724","160","23"
"508874777615","130","23"
"508874777335","216","23"
"508874777335","216","23"
"508874777335","213","23"
"508874777793","225","23"
"508874778268","149","23"
"508874778335","192","23"
"508874778809","125","23"
"508874778809","214","23"
"508874779719","141","23"
"508874779991","141","23"
"508874780567","222","23"
"508874782953","182","0"
"508874785107","178","0"
"508874786141","210","0"
"508874786642","253","0"
"508874787096","229","0"
"508874787532","227","0"
"508874787662","162","0"
"508874787797","217","0"
"508874788345","378","0"
"508874788470","166","0"
"508874788345","214","0"
"508874789270","226","0"
"508874789318","214","0"
"508874793927","228","0"
"508874794301","355","0"
"508874794598","226","0"
"508874794301","217","0"
"508874795080","244","0"
"508874795426","219","0"
"508874795784","138","0"
"508874796661","209","0"
"508874797717","203","0"
"508874797994","276","0"
"508874798266","215","0"
"508874798367","147","0"
"508874799128","216","0"
"508874799550","376","0"
"508874799813","235","0"
"508874799550","220","0"
"508874800323","215","0"
"508874800506","217","0"
"508874800967","291","0"
"508874801212","253","0"
"508874801212","212","0"
"508874801765","290","0"
"508874801901","127","0"
"508874803091","217","0"
"508874803122","220","0"
"508874803032","173","0"
"508874803091","213","0"
"508874803780","216","0"
"508874803719","214","0"
"508874804146","232","0"
"508874804480","217","0"
"508874805860","401","0"
"508874806924","181","0"
"508874806961","335","0"
"508874808002","359","0"
"508874808263","233","0"
"508874808119","216","0"
"508874808002","213","0"
"508874808417","217","0"
"508874809811","376","1"
"508874810129","224","1"
"508874810084","222","1"
"508874810436","834","1"
"508874811234","224","1"
"508874812462","222","1"
"508874813449","222","1"
"508874813610","380","1"
"508874814215","127","1"
"508874814256","333","1"
"508874814521","219","1"
"508874815134","220","1"
"508874815658","260","1"
"508874816545","156","1"
"508874816722","123","1"
"508874817729","326","1"
"508874818010","225","1"
"508874818292","225","1"
"508874818689","263","1"
"508874818929","222","1"
"508874819692","226","1"
"508874819884","145","1"
"508874821478","288","1"
"508874822562","251","1"
"508874823708","356","1"
"508874824082","261","1"
"508874824880","227","1"
"508874825043","219","1"
"508874825376","166","1"
"508874825327","174","1"
"508874826426","263","1"
